[
  {
    "site": "SURAT-C9-194Q",
    "unit": "India 1"
  },
  {
    "site": "JAMNAG-HAR-194Q",
    "unit": "India 1"
  },
  {
    "site": "USA",
    "unit": "India 1"
  },
  {
    "site": "JAMNAGAR-194Q",
    "unit": "India 4"
  },
  {
    "site": "SURAT-C9-194Q",
    "unit": "India 4"
  },
  {
    "site": "DAHEJ-EO-194Q",
    "unit": "India 4"
  },
  {
    "site": "MUMBAI-194Q",
    "unit": "India 4"
  },
  {
    "site": "Dordrecht",
    "unit": "UAE"
  },
  {
    "site": "CANOAS",
    "unit": "Brazil"
  },
  {
    "site": "ITAJAI-SC",
    "unit": "Brazil"
  },
  {
    "site": "PORTO ALEGRE",
    "unit": "Brazil"
  },
  {
    "site": "MACAE",
    "unit": "Brazil"
  },
  {
    "site": "PAULINIA",
    "unit": "Brazil"
  },
  {
    "site": "PORTAO",
    "unit": "Brazil"
  },
  {
    "site": "SAPUCAIA DO SUL",
    "unit": "Brazil"
  },
  {
    "site": "CAMPO BOM",
    "unit": "Brazil"
  },
  {
    "site": "MAUA0002",
    "unit": "Brazil"
  },
  {
    "site": "GUJRAT-194Q",
    "unit": "India 4"
  },
  {
    "site": "BARODA-194Q",
    "unit": "India 4"
  },
  {
    "site": "ISRAEL",
    "unit": "India 4"
  },
  {
    "site": "DUBAI",
    "unit": "India 4"
  },
  {
    "site": "AHMEDABAD-194Q",
    "unit": "India 4"
  },
  {
    "site": "GUARUJA",
    "unit": "Brazil"
  },
  {
    "site": "GRAVATAI",
    "unit": "Brazil"
  },
  {
    "site": "NOVO HAMBURGO",
    "unit": "Brazil"
  },
  {
    "site": "DIADEMA",
    "unit": "Brazil"
  },
  {
    "site": "RAFARD",
    "unit": "Brazil"
  },
  {
    "site": "SAO PAULO",
    "unit": "Brazil"
  },
  {
    "site": "PENSILVANIA",
    "unit": "Brazil"
  },
  {
    "site": "MOGI DAS CRUZES",
    "unit": "Brazil"
  },
  {
    "site": "BENTO GONCALVES",
    "unit": "Brazil"
  },
  {
    "site": "India 5-194Q",
    "unit": "India 5"
  },
  {
    "site": "DAHEJ-194Q",
    "unit": "India 1"
  },
  {
    "site": "Kutch-194Q",
    "unit": "India 2"
  },
  {
    "site": "JAPAN",
    "unit": "India 4"
  },
  {
    "site": "BOISAR-194Q",
    "unit": "India 4"
  },
  {
    "site": "PUNE - 194Q",
    "unit": "India 4"
  },
  {
    "site": "BELO HORIZONTE",
    "unit": "Brazil"
  },
  {
    "site": "DORDRECHT",
    "unit": "Netherlands"
  },
  {
    "site": "N-Mumbai-194Q",
    "unit": "India 5"
  },
  {
    "site": "BARUCH-194Q",
    "unit": "India 4"
  },
  {
    "site": "MUMBAI",
    "unit": "India 4"
  },
  {
    "site": "MUMBAI.-194Q",
    "unit": "India 4"
  },
  {
    "site": "BHARUCH-194Q",
    "unit": "India 4"
  },
  {
    "site": "Switzerland",
    "unit": "UAE"
  },
  {
    "site": "NOVA IGUACU",
    "unit": "Brazil"
  },
  {
    "site": "COTIA",
    "unit": "Brazil"
  },
  {
    "site": "SUMARE",
    "unit": "Brazil"
  },
  {
    "site": "MUMBAI-194Q",
    "unit": "India 1"
  },
  {
    "site": "SILVASSA-194Q",
    "unit": "India 1"
  },
  {
    "site": "Mumbai-194Q",
    "unit": "India 1"
  },
  {
    "site": "ITAJAI000109",
    "unit": "Brazil"
  },
  {
    "site": "MONTENEGRO",
    "unit": "Brazil"
  },
  {
    "site": "LAGES",
    "unit": "Brazil"
  },
  {
    "site": "RESENDE",
    "unit": "Brazil"
  },
  {
    "site": "APIUNA",
    "unit": "Brazil"
  },
  {
    "site": "Silvassa-194Q",
    "unit": "India 1"
  },
  {
    "site": "PUNE-194Q",
    "unit": "India 5"
  },
  {
    "site": "DEER PARK",
    "unit": "USA"
  },
  {
    "site": "COMBES",
    "unit": "USA"
  },
  {
    "site": "HUBEI",
    "unit": "USA"
  },
  {
    "site": "TRIUNFO",
    "unit": "Brazil"
  },
  {
    "site": "BUE",
    "unit": "Brazil"
  },
  {
    "site": "ESTANCIA VELHA",
    "unit": "Brazil"
  },
  {
    "site": "SERRA",
    "unit": "Brazil"
  },
  {
    "site": "BOISAR-194Q",
    "unit": "India 1"
  },
  {
    "site": "SINGAPORE",
    "unit": "India 2"
  },
  {
    "site": "SILVASSA-194Q",
    "unit": "India 2"
  },
  {
    "site": "India 2",
    "unit": "India 2"
  },
  {
    "site": "VADODARA-194Q",
    "unit": "India 6"
  },
  {
    "site": "KOLLAM-194Q",
    "unit": "India 4"
  },
  {
    "site": "JUNDIAI",
    "unit": "Brazil"
  },
  {
    "site": "RECIFE",
    "unit": "Brazil"
  },
  {
    "site": "BARUERI",
    "unit": "Brazil"
  },
  {
    "site": "SILVASA-194Q",
    "unit": "India 1"
  },
  {
    "site": "Silvassa-194Q",
    "unit": "India 2"
  },
  {
    "site": "BARUCH-194Q",
    "unit": "India 2"
  },
  {
    "site": "SILVASA-194Q",
    "unit": "India 4"
  },
  {
    "site": "CURITIBA",
    "unit": "Brazil"
  },
  {
    "site": "SAO SEBASTIAO D",
    "unit": "Brazil"
  },
  {
    "site": "RIO DE JANEIRO",
    "unit": "Brazil"
  },
  {
    "site": "GUARULHOS",
    "unit": "Brazil"
  },
  {
    "site": "SURAT-194Q",
    "unit": "India 4"
  },
  {
    "site": "Germany",
    "unit": "India 4"
  },
  {
    "site": "AMERICANA",
    "unit": "Brazil"
  },
  {
    "site": "BANDEIRANTE-MAU",
    "unit": "Brazil"
  },
  {
    "site": "SANTANA DE PARN",
    "unit": "Brazil"
  },
  {
    "site": "The Netherlands",
    "unit": "Netherlands"
  },
  {
    "site": "SWITZERLAND",
    "unit": "Netherlands"
  },
  {
    "site": "New York",
    "unit": "India 2"
  },
  {
    "site": "SILVASSA-194Q",
    "unit": "India 4"
  },
  {
    "site": "PLEASANTON",
    "unit": "USA"
  },
  {
    "site": "NOVA SANTA RITA",
    "unit": "Brazil"
  },
  {
    "site": "MURICI",
    "unit": "Brazil"
  },
  {
    "site": "CAMPINAS",
    "unit": "Brazil"
  },
  {
    "site": "Kolhapur-194Q",
    "unit": "India 6"
  },
  {
    "site": "BENZYLUNIT-194Q",
    "unit": "India 4"
  },
  {
    "site": "Seoul",
    "unit": "India 4"
  },
  {
    "site": "ITAJAI",
    "unit": "Brazil"
  },
  {
    "site": "FRANCA",
    "unit": "Brazil"
  },
  {
    "site": "Vapi-194Q",
    "unit": "India 1"
  },
  {
    "site": "THANE - 194Q",
    "unit": "India 4"
  },
  {
    "site": "CHINA",
    "unit": "India 4"
  },
  {
    "site": "Mumbai-194Q",
    "unit": "India 4"
  },
  {
    "site": "Daman-194Q",
    "unit": "India 4"
  },
  {
    "site": "AHMEDABAD",
    "unit": "Singapore"
  },
  {
    "site": "RIBEIRAO PIRES",
    "unit": "Brazil"
  },
  {
    "site": "PORTO AELGRE",
    "unit": "Brazil"
  },
  {
    "site": "Bharuch-194Q",
    "unit": "India 4"
  },
  {
    "site": "GANDHIDHAM-194Q",
    "unit": "India 4"
  },
  {
    "site": "DADRA-194Q",
    "unit": "India 4"
  },
  {
    "site": "SAO LEOPOLDO",
    "unit": "Brazil"
  },
  {
    "site": "BENGBU CITY",
    "unit": "India 1"
  },
  {
    "site": "NAVIMUMBAI-194Q",
    "unit": "India 1"
  },
  {
    "site": "KUTCH-194Q",
    "unit": "India 4"
  },
  {
    "site": "CHENNAI-194Q",
    "unit": "India 4"
  },
  {
    "site": "SWITZERLAND.",
    "unit": "Malaysia"
  },
  {
    "site": "TABOAO DA SERRA",
    "unit": "Brazil"
  },
  {
    "site": "MUMBAI-194Q",
    "unit": "India 5"
  },
  {
    "site": "Daman-194Q",
    "unit": "India 1"
  },
  {
    "site": "Ahmedbad-194Q",
    "unit": "India 1"
  },
  {
    "site": "SOLAPUR-194Q",
    "unit": "India 4"
  },
  {
    "site": "Ahmedbad-194Q",
    "unit": "India 4"
  },
  {
    "site": "SINGAPORE",
    "unit": "India 4"
  },
  {
    "site": "HORTOLANDIA0010",
    "unit": "Brazil"
  },
  {
    "site": "France",
    "unit": "Netherlands"
  },
  {
    "site": "Rajkot-194Q",
    "unit": "India 1"
  },
  {
    "site": "TAIWAN",
    "unit": "India 4"
  },
  {
    "site": "Gujarat-194Q",
    "unit": "India 4"
  },
  {
    "site": "Ahmedabad-194Q",
    "unit": "India 4"
  },
  {
    "site": "Sumare",
    "unit": "Brazil"
  },
  {
    "site": "ESTEIO",
    "unit": "Brazil"
  },
  {
    "site": "VAPI-194Q",
    "unit": "India 1"
  },
  {
    "site": "AHMEDABAD-194Q",
    "unit": "India 1"
  },
  {
    "site": "FUJAIRAH",
    "unit": "India 4"
  },
  {
    "site": "USA",
    "unit": "India 4"
  },
  {
    "site": "OKLAHOMA CITY",
    "unit": "India 4"
  },
  {
    "site": "IVOTI",
    "unit": "Brazil"
  },
  {
    "site": "ITUPEVA",
    "unit": "Brazil"
  },
  {
    "site": "Bharuch-194Q",
    "unit": "India 6"
  },
  {
    "site": "Mumbai-194Q",
    "unit": "India 6"
  },
  {
    "site": "Essen",
    "unit": "Netherlands"
  },
  {
    "site": "ITATIBA",
    "unit": "Brazil"
  },
  {
    "site": "POMERODE",
    "unit": "Brazil"
  },
  {
    "site": "TAQUARI",
    "unit": "Brazil"
  },
  {
    "site": "SAO CAETANO DO",
    "unit": "Brazil"
  },
  {
    "site": "RIO DAS OSTRAS",
    "unit": "Brazil"
  },
  {
    "site": "Daman-TDS",
    "unit": "India 1"
  },
  {
    "site": "DAMAN-194Q",
    "unit": "India 2"
  },
  {
    "site": "AHMEDABAD-194Q",
    "unit": "India 2"
  },
  {
    "site": "SILVA396 2-194Q",
    "unit": "India 4"
  },
  {
    "site": "LOTE-194Q",
    "unit": "India 4"
  },
  {
    "site": "TALOJA-194Q",
    "unit": "India 4"
  },
  {
    "site": "UK",
    "unit": "Netherlands"
  },
  {
    "site": "Thermo Fisher S",
    "unit": "USA"
  },
  {
    "site": "SHANDONG",
    "unit": "Singapore"
  },
  {
    "site": "EXTERIOR",
    "unit": "Brazil"
  },
  {
    "site": "KADI-194Q",
    "unit": "India 2"
  },
  {
    "site": "MAHAD-194Q",
    "unit": "India 2"
  },
  {
    "site": "BLUMENAU",
    "unit": "Brazil"
  },
  {
    "site": "ALVORADA",
    "unit": "Brazil"
  },
  {
    "site": "CACHOEIRINHA",
    "unit": "Brazil"
  },
  {
    "site": "DOMBIVALI-194Q",
    "unit": "India 4"
  },
  {
    "site": "VADODARA-194Q",
    "unit": "India 4"
  },
  {
    "site": "CRUZEIRO",
    "unit": "Brazil"
  },
  {
    "site": "VALE ENCANTADO",
    "unit": "Brazil"
  },
  {
    "site": "ANKLESHWAR-194Q",
    "unit": "India 1"
  },
  {
    "site": "SAO GONCALO",
    "unit": "Brazil"
  },
  {
    "site": "GOIANA",
    "unit": "Brazil"
  },
  {
    "site": "BARUCH-194Q",
    "unit": "India 1"
  },
  {
    "site": "UAE",
    "unit": "India 4"
  },
  {
    "site": "PUNE-194Q",
    "unit": "India 1"
  },
  {
    "site": "Taiwan",
    "unit": "India 6"
  },
  {
    "site": "PIRACICABA",
    "unit": "Brazil"
  },
  {
    "site": "TEXAS",
    "unit": "Brazil"
  },
  {
    "site": "HONG KONG",
    "unit": "Brazil"
  },
  {
    "site": "Ankleshwar-194Q",
    "unit": "India 2"
  },
  {
    "site": "NAVIMUMBAI-194Q",
    "unit": "India 4"
  },
  {
    "site": "Singapore.",
    "unit": "Singapore"
  },
  {
    "site": "BHACHAU",
    "unit": "India 1"
  },
  {
    "site": "JARINU",
    "unit": "Brazil"
  },
  {
    "site": "MUMBAI-194Q",
    "unit": "India 6"
  },
  {
    "site": "DAMAN-194Q",
    "unit": "India 4"
  },
  {
    "site": "Baytown",
    "unit": "USA"
  },
  {
    "site": "USA",
    "unit": "Brazil"
  },
  {
    "site": "ISRAEL",
    "unit": "India 1"
  },
  {
    "site": "UAE",
    "unit": "India 1"
  },
  {
    "site": "SURAT-194Q",
    "unit": "India 1"
  },
  {
    "site": "HONG KONG",
    "unit": "India 4"
  },
  {
    "site": "MUMBAI-194Q",
    "unit": "India 2"
  },
  {
    "site": "AHMEDABAD",
    "unit": "UAE"
  },
  {
    "site": "VIANA",
    "unit": "Brazil"
  },
  {
    "site": "Thane -TDS",
    "unit": "India 5"
  },
  {
    "site": "NEW YORK",
    "unit": "India 1"
  },
  {
    "site": "JAGUARIUNA",
    "unit": "Brazil"
  },
  {
    "site": "CABREUVA",
    "unit": "Brazil"
  },
  {
    "site": "NORTH BRANCH",
    "unit": "USA"
  },
  {
    "site": "AURANGABAD-194Q",
    "unit": "India 1"
  },
  {
    "site": "DAMAN-194Q",
    "unit": "India 1"
  },
  {
    "site": "HONKONG",
    "unit": "UAE"
  },
  {
    "site": "DUBAI",
    "unit": "UAE"
  },
  {
    "site": "RATNAGIRI-194Q",
    "unit": "India 4"
  },
  {
    "site": "Dhule-194Q",
    "unit": "India 4"
  },
  {
    "site": "Radnor",
    "unit": "USA"
  },
  {
    "site": "Biotechnology S",
    "unit": "USA"
  },
  {
    "site": "SPARTANBURG",
    "unit": "Brazil"
  },
  {
    "site": "SURAT-MIX-194Q",
    "unit": "India 1"
  },
  {
    "site": "Palghar-194Q",
    "unit": "India 1"
  },
  {
    "site": "Pali-194Q",
    "unit": "India 4"
  },
  {
    "site": "GANDHIDHAM-194Q",
    "unit": "India 1"
  },
  {
    "site": "PANVEL-194Q",
    "unit": "India 1"
  },
  {
    "site": "Mumbai-194Q",
    "unit": "India 5"
  },
  {
    "site": "SOLAPUR-194Q",
    "unit": "India 5"
  },
  {
    "site": "MUMBAI.-194Q",
    "unit": "India 1"
  },
  {
    "site": "N Mumbai-194Q",
    "unit": "India 6"
  },
  {
    "site": "Specialty Inter",
    "unit": "USA"
  },
  {
    "site": "Houston",
    "unit": "USA"
  },
  {
    "site": "Leverkusen",
    "unit": "Netherlands"
  },
  {
    "site": "KOLLAM-194Q",
    "unit": "India 1"
  },
  {
    "site": "CHENNAI-194Q",
    "unit": "India 2"
  },
  {
    "site": "DOIS IRMAOS",
    "unit": "Brazil"
  },
  {
    "site": "UK",
    "unit": "India 1"
  },
  {
    "site": "CHENNAI-194Q",
    "unit": "India 1"
  },
  {
    "site": "CHIPLUN-194Q",
    "unit": "India 6"
  },
  {
    "site": "United Kingdom",
    "unit": "Singapore"
  },
  {
    "site": "SINGAPORE",
    "unit": "India 1"
  },
  {
    "site": "NASHIK-194Q",
    "unit": "India 4"
  },
  {
    "site": "United Kingdom",
    "unit": "India 4"
  },
  {
    "site": "BANGKOK",
    "unit": "Singapore"
  },
  {
    "site": "SOROCABA",
    "unit": "Brazil"
  },
  {
    "site": "VARGEM GRANDE D",
    "unit": "Brazil"
  },
  {
    "site": "DAMAN-194Q",
    "unit": "India 5"
  },
  {
    "site": "TAUBATE",
    "unit": "Brazil"
  },
  {
    "site": "SANTA MARIA",
    "unit": "Brazil"
  },
  {
    "site": "BELFORD ROXO",
    "unit": "Brazil"
  },
  {
    "site": "SUQIAN CITY",
    "unit": "India 4"
  },
  {
    "site": "BINZHOU",
    "unit": "India 4"
  },
  {
    "site": "PANVEL-194Q",
    "unit": "India 5"
  },
  {
    "site": "PALHOCA",
    "unit": "Brazil"
  },
  {
    "site": "HOUSTON",
    "unit": "India 1"
  },
  {
    "site": "TEXAS.",
    "unit": "India 4"
  },
  {
    "site": "IGARAPAVA",
    "unit": "Brazil"
  },
  {
    "site": "SUZANO",
    "unit": "Brazil"
  },
  {
    "site": "JOINVILLE",
    "unit": "Brazil"
  },
  {
    "site": "DADRA-194Q",
    "unit": "India 1"
  },
  {
    "site": "EXTREMA",
    "unit": "Brazil"
  },
  {
    "site": "GUAIBA",
    "unit": "Brazil"
  },
  {
    "site": "PASSO FUNDO",
    "unit": "Brazil"
  },
  {
    "site": "GUJRAT-194Q",
    "unit": "India 5"
  },
  {
    "site": "Fuyang",
    "unit": "India 1"
  },
  {
    "site": "USA",
    "unit": "India 2"
  },
  {
    "site": "ITU",
    "unit": "Brazil"
  },
  {
    "site": "Panvel-194Q",
    "unit": "India 1"
  },
  {
    "site": "Bengbu",
    "unit": "India 4"
  },
  {
    "site": "NASIK-194Q-194Q",
    "unit": "India 4"
  },
  {
    "site": "Istanbul",
    "unit": "India 1"
  },
  {
    "site": "BHARUCH-194Q",
    "unit": "India 2"
  },
  {
    "site": "KACHCHH-194Q",
    "unit": "India 4"
  },
  {
    "site": "HONG KONG",
    "unit": "UAE"
  },
  {
    "site": "CAXIAS DO SUL",
    "unit": "Brazil"
  },
  {
    "site": "NILAI ,",
    "unit": "India 4"
  },
  {
    "site": "Bhavnagar-194Q",
    "unit": "India 4"
  },
  {
    "site": "SAO BERNARDO DO",
    "unit": "Brazil"
  },
  {
    "site": "ANTA GORDA",
    "unit": "Brazil"
  },
  {
    "site": "AURANGABAD-194Q",
    "unit": "India 6"
  },
  {
    "site": "Udaipur-194Q",
    "unit": "India 6"
  },
  {
    "site": "Istanbul",
    "unit": "India 4"
  },
  {
    "site": "VADODARA.-194Q",
    "unit": "India 4"
  },
  {
    "site": "SUQIAN CITY",
    "unit": "USA"
  },
  {
    "site": "Durban",
    "unit": "UAE"
  },
  {
    "site": "Thane -194Q",
    "unit": "India 5"
  },
  {
    "site": "Tarapur-194Q",
    "unit": "India 1"
  },
  {
    "site": "CHINA",
    "unit": "UAE"
  },
  {
    "site": "FLORES DA CUNHA",
    "unit": "Brazil"
  },
  {
    "site": "Taloja-194Q",
    "unit": "India 1"
  },
  {
    "site": "PASSOS",
    "unit": "Brazil"
  },
  {
    "site": "Merelbeke",
    "unit": "Netherlands"
  },
  {
    "site": "SWITZERLAND",
    "unit": "Brazil"
  },
  {
    "site": "INDIANAPOLIS",
    "unit": "India 4"
  },
  {
    "site": "APARECIDA DE GO",
    "unit": "Brazil"
  },
  {
    "site": "Daman-194Q",
    "unit": "India 5"
  },
  {
    "site": "Chennai-194Q",
    "unit": "India 1"
  },
  {
    "site": "Thane-TDS",
    "unit": "India 5"
  },
  {
    "site": "VADODARA.-194Q",
    "unit": "India 1"
  },
  {
    "site": "RATNAGIRI-194Q",
    "unit": "India 6"
  },
  {
    "site": "NASIK-194Q",
    "unit": "India 6"
  },
  {
    "site": "SHIJIAZHUANG",
    "unit": "India 4"
  },
  {
    "site": "HOUSTON",
    "unit": "USA"
  },
  {
    "site": "Riyadh",
    "unit": "India 5"
  },
  {
    "site": "Valsad-194Q",
    "unit": "India 1"
  },
  {
    "site": "MUMBAI",
    "unit": "Brazil"
  },
  {
    "site": "OSLO",
    "unit": "Brazil"
  },
  {
    "site": "CHINA",
    "unit": "India 1"
  },
  {
    "site": "NAVI MUMBAI-TDS",
    "unit": "India 5"
  },
  {
    "site": "ANKLESHWAR-194Q",
    "unit": "India 5"
  },
  {
    "site": "CHINA",
    "unit": "Singapore"
  },
  {
    "site": "BHARUCH-194Q",
    "unit": "India 1"
  },
  {
    "site": "22763153",
    "unit": "Brazil"
  },
  {
    "site": "NAVI MUMBAI-TDS",
    "unit": "India 6"
  },
  {
    "site": "MACAE1",
    "unit": "Brazil"
  },
  {
    "site": "Shenzhen",
    "unit": "India 4"
  },
  {
    "site": "ITAUNA",
    "unit": "Brazil"
  },
  {
    "site": "R. Pires",
    "unit": "Brazil"
  },
  {
    "site": "BENGBU CITY",
    "unit": "India 4"
  },
  {
    "site": "ARAUCARIA",
    "unit": "Brazil"
  },
  {
    "site": "SURAT",
    "unit": "India 1"
  },
  {
    "site": "VALIA-194Q",
    "unit": "India 4"
  },
  {
    "site": "NAVI MUMBAI-194",
    "unit": "India 4"
  },
  {
    "site": "China",
    "unit": "UAE"
  },
  {
    "site": "SINGAPORE",
    "unit": "India 5"
  },
  {
    "site": "Mumbai City-194",
    "unit": "India 1"
  },
  {
    "site": "SINGAPORE",
    "unit": "India 6"
  },
  {
    "site": "VADODRA-194Q",
    "unit": "India 4"
  },
  {
    "site": "Gandhidham-194Q",
    "unit": "India 4"
  },
  {
    "site": "XIANTAO",
    "unit": "India 4"
  },
  {
    "site": "Jebel Ali",
    "unit": "UAE"
  },
  {
    "site": "DUQUE DE CAXIAS",
    "unit": "Brazil"
  },
  {
    "site": "SEATTLE",
    "unit": "USA"
  },
  {
    "site": "ANKLESHWAR-194Q",
    "unit": "India 4"
  },
  {
    "site": "Carterton",
    "unit": "Netherlands"
  },
  {
    "site": "HANGZHOU",
    "unit": "India 4"
  },
  {
    "site": "CHICAGO",
    "unit": "USA"
  },
  {
    "site": "LINDOLFO COLLOR",
    "unit": "Brazil"
  },
  {
    "site": "PELOTAS",
    "unit": "Brazil"
  },
  {
    "site": "Oxford",
    "unit": "Netherlands"
  },
  {
    "site": "Bharuch-194Q",
    "unit": "India 2"
  },
  {
    "site": "MUMBAI-TDS",
    "unit": "India 4"
  },
  {
    "site": "VILA MARIA",
    "unit": "Brazil"
  },
  {
    "site": "SANTOS",
    "unit": "Brazil"
  },
  {
    "site": "China",
    "unit": "India 4"
  },
  {
    "site": "Hangzhou",
    "unit": "India 4"
  },
  {
    "site": "SWITZERLAND",
    "unit": "India 4"
  },
  {
    "site": "GANDHIDHA.-194Q",
    "unit": "India 4"
  },
  {
    "site": "NAVIMUMBAI-194Q",
    "unit": "India 5"
  },
  {
    "site": "GUARAPUAVA",
    "unit": "Brazil"
  },
  {
    "site": "CARL-BOSCH",
    "unit": "Brazil"
  },
  {
    "site": "GUARIBA",
    "unit": "Brazil"
  },
  {
    "site": "GUARAREMA",
    "unit": "Brazil"
  },
  {
    "site": "ARAQUARI",
    "unit": "Brazil"
  },
  {
    "site": "AQUAPHOENIX SCI",
    "unit": "USA"
  },
  {
    "site": "Arnhem.",
    "unit": "Netherlands"
  },
  {
    "site": "CAMBUI",
    "unit": "Brazil"
  },
  {
    "site": "CRICIUMA",
    "unit": "Brazil"
  },
  {
    "site": "VALIA -194Q",
    "unit": "India 1"
  },
  {
    "site": "PANVEL-194Q",
    "unit": "India 4"
  },
  {
    "site": "UK",
    "unit": "India 4"
  },
  {
    "site": "BANYAN AVENUE",
    "unit": "Singapore"
  },
  {
    "site": "Silvassa.-194Q",
    "unit": "India 1"
  },
  {
    "site": "BRUSQUE",
    "unit": "Brazil"
  },
  {
    "site": "AJELTAKE",
    "unit": "Brazil"
  },
  {
    "site": "PORTO\u00a0 ALEGRE",
    "unit": "Brazil"
  },
  {
    "site": "HANGZHOU",
    "unit": "India 1"
  },
  {
    "site": "AHMEDABAD-194Q",
    "unit": "India 5"
  },
  {
    "site": "NOIDA-194Q",
    "unit": "India 5"
  },
  {
    "site": "NaviMumbai-194Q",
    "unit": "India 1"
  },
  {
    "site": "NANTONG",
    "unit": "India 4"
  },
  {
    "site": "SILVASSA",
    "unit": "India 5"
  },
  {
    "site": "PORTO ALEGRE.",
    "unit": "Brazil"
  },
  {
    "site": "ARAPONGAS",
    "unit": "Brazil"
  },
  {
    "site": "VADODRA-194Q",
    "unit": "India 1"
  },
  {
    "site": "KUTCH-194Q",
    "unit": "India 2"
  },
  {
    "site": "Aurangabad-194Q",
    "unit": "India 6"
  },
  {
    "site": "Hong Kong",
    "unit": "India 1"
  },
  {
    "site": "OTACILIO COSTA",
    "unit": "Brazil"
  },
  {
    "site": "INDAIATUBA",
    "unit": "Brazil"
  },
  {
    "site": "ZHENJIANG",
    "unit": "India 4"
  },
  {
    "site": "Pune-194Q",
    "unit": "India 6"
  },
  {
    "site": "MumbaiCity-194Q",
    "unit": "India 5"
  },
  {
    "site": "Silvassa-194Q",
    "unit": "India 5"
  },
  {
    "site": "BENTO G 000355",
    "unit": "Brazil"
  },
  {
    "site": "Belgium",
    "unit": "Netherlands"
  },
  {
    "site": "HOPEWALL",
    "unit": "USA"
  },
  {
    "site": "TAIPEI",
    "unit": "India 1"
  },
  {
    "site": "Jinan",
    "unit": "India 5"
  },
  {
    "site": "KUTCH-194Q",
    "unit": "India 1"
  },
  {
    "site": "SURAT-EO-194Q",
    "unit": "India 4"
  },
  {
    "site": "YueYang",
    "unit": "India 4"
  },
  {
    "site": "DIAS DAVILA",
    "unit": "Brazil"
  },
  {
    "site": "Ankleshwar-TDS",
    "unit": "India 5"
  },
  {
    "site": "Mumbai 194Q",
    "unit": "India 5"
  },
  {
    "site": "MUMBAI-914Q",
    "unit": "India 4"
  },
  {
    "site": "DELAWARE",
    "unit": "Brazil"
  },
  {
    "site": "JIAXING",
    "unit": "India 4"
  },
  {
    "site": "Ratnagiri",
    "unit": "Singapore"
  },
  {
    "site": "ESTEIO RS",
    "unit": "Brazil"
  },
  {
    "site": "Silvassa.-194Q",
    "unit": "India 4"
  },
  {
    "site": "SAO JOSE DOS PI",
    "unit": "Brazil"
  },
  {
    "site": "Japan",
    "unit": "India 4"
  },
  {
    "site": "Panchmahal194Q",
    "unit": "India 5"
  },
  {
    "site": "Vapi-194Q",
    "unit": "India 5"
  },
  {
    "site": "GUJARAT-194Q",
    "unit": "India 5"
  },
  {
    "site": "JARRIE",
    "unit": "India 1"
  },
  {
    "site": "Batam",
    "unit": "India 4"
  },
  {
    "site": "SJ DOS PINHAIS",
    "unit": "Brazil"
  },
  {
    "site": "MARL",
    "unit": "India 4"
  },
  {
    "site": "BARRA BONITA",
    "unit": "Brazil"
  },
  {
    "site": "Changzhou",
    "unit": "India 5"
  },
  {
    "site": "AMBERNATH-194Q",
    "unit": "India 4"
  },
  {
    "site": "Palghar-194Q",
    "unit": "India 5"
  },
  {
    "site": "CHAOHU",
    "unit": "India 1"
  },
  {
    "site": "PINGLUO",
    "unit": "India 1"
  },
  {
    "site": "Dhar-194Q",
    "unit": "India 4"
  },
  {
    "site": "PUNE-194Q",
    "unit": "India 4"
  },
  {
    "site": "CAMAQUA",
    "unit": "Brazil"
  },
  {
    "site": "HONG KONG",
    "unit": "India 1"
  },
  {
    "site": "Vadodara-19Q",
    "unit": "India 4"
  },
  {
    "site": "NaviMumbai-194Q",
    "unit": "India 5"
  },
  {
    "site": "BHOSARI-194Q",
    "unit": "India 6"
  },
  {
    "site": "Leuna",
    "unit": "UAE"
  },
  {
    "site": "TALOJA-194Q",
    "unit": "India 1"
  },
  {
    "site": "Alberta",
    "unit": "India 4"
  },
  {
    "site": "Latvia",
    "unit": "UAE"
  },
  {
    "site": "VALSAD-194Q",
    "unit": "India 4"
  },
  {
    "site": "SANTO ANTONIO D",
    "unit": "Brazil"
  },
  {
    "site": "TRES CACHOEIRAS",
    "unit": "Brazil"
  },
  {
    "site": "Pelt",
    "unit": "Netherlands"
  },
  {
    "site": "Singapore",
    "unit": "India 1"
  },
  {
    "site": "SAUDI ARABIA",
    "unit": "India 4"
  },
  {
    "site": "CHARQUEADAS",
    "unit": "Brazil"
  },
  {
    "site": "KHOPOLI-194Q",
    "unit": "India 5"
  },
  {
    "site": "MUMBAI",
    "unit": "India 1"
  },
  {
    "site": "SURENDRANA-194Q",
    "unit": "India 6"
  },
  {
    "site": "HOWRAH-194Q",
    "unit": "India 4"
  },
  {
    "site": "MAUA",
    "unit": "Brazil"
  },
  {
    "site": "Mumbai.-194Q",
    "unit": "India 1"
  },
  {
    "site": "BARODA-194Q",
    "unit": "India 1"
  },
  {
    "site": "SHAANXI",
    "unit": "Singapore"
  },
  {
    "site": "HONG KONG",
    "unit": "Singapore"
  },
  {
    "site": "NASHIK",
    "unit": "Brazil"
  },
  {
    "site": "KOCHI-194Q",
    "unit": "India 4"
  },
  {
    "site": "ITALY",
    "unit": "Netherlands"
  },
  {
    "site": "Aurangabad-194Q",
    "unit": "India 1"
  },
  {
    "site": "OSASCO",
    "unit": "Brazil"
  },
  {
    "site": "Bharuch-194Q",
    "unit": "India 1"
  },
  {
    "site": "Hongkong",
    "unit": "India 4"
  },
  {
    "site": "ZIBO CITY",
    "unit": "India 4"
  },
  {
    "site": "SINGAPORE",
    "unit": "Singapore"
  },
  {
    "site": "LEME",
    "unit": "Brazil"
  },
  {
    "site": "CACHOERINHA",
    "unit": "Brazil"
  },
  {
    "site": "2211 H.H.",
    "unit": "Brazil"
  },
  {
    "site": "SHANDONG",
    "unit": "India 4"
  },
  {
    "site": "DUBAI",
    "unit": "India 1"
  },
  {
    "site": "MUMBAI-TDS",
    "unit": "India 1"
  },
  {
    "site": "GANDHINAGAR-194",
    "unit": "India 2"
  },
  {
    "site": "PALANPUR-194Q",
    "unit": "India 5"
  },
  {
    "site": "ZHANGJIAGANG",
    "unit": "India 4"
  },
  {
    "site": "SPAIN",
    "unit": "UAE"
  },
  {
    "site": "LAURO DE FREITA",
    "unit": "Brazil"
  },
  {
    "site": "CAIEIRAS",
    "unit": "Brazil"
  },
  {
    "site": "SPAIN",
    "unit": "India 1"
  },
  {
    "site": "Kutch-194Q",
    "unit": "India 4"
  },
  {
    "site": "SURREY",
    "unit": "India 1"
  },
  {
    "site": "Mum-SKO-194Q",
    "unit": "India 4"
  },
  {
    "site": "VAPI.-194Q",
    "unit": "India 4"
  },
  {
    "site": "MIDLAND",
    "unit": "USA"
  },
  {
    "site": "ITAQUAQUECETUBA",
    "unit": "Brazil"
  },
  {
    "site": "EMBU DAS ARTES",
    "unit": "Brazil"
  },
  {
    "site": "PINHAIS",
    "unit": "Brazil"
  },
  {
    "site": "BANGKOK",
    "unit": "India 4"
  },
  {
    "site": "United Kingdom",
    "unit": "India 1"
  },
  {
    "site": "SPAIN",
    "unit": "India 4"
  },
  {
    "site": "LAFAYETTE",
    "unit": "USA"
  },
  {
    "site": "BHARUCH",
    "unit": "India 1"
  },
  {
    "site": "Dhar-194Q",
    "unit": "India 5"
  },
  {
    "site": "BHAVNAGAR",
    "unit": "India 1"
  },
  {
    "site": "Kakenstorf",
    "unit": "Singapore"
  },
  {
    "site": "THANE(WEST)-194",
    "unit": "India 4"
  },
  {
    "site": "THANE",
    "unit": "India 5"
  },
  {
    "site": "Mumbai.-194Q",
    "unit": "India 6"
  },
  {
    "site": "LIMEIRA",
    "unit": "Brazil"
  },
  {
    "site": "Kutch-194Q",
    "unit": "India 5"
  },
  {
    "site": "NANJING",
    "unit": "India 4"
  },
  {
    "site": "YANTAI",
    "unit": "India 5"
  },
  {
    "site": "Ahmedbad-194Q",
    "unit": "India 5"
  },
  {
    "site": "MUMBAI.-194Q",
    "unit": "India 5"
  },
  {
    "site": "MUMBAI-",
    "unit": "India 1"
  },
  {
    "site": "Thane-194Q",
    "unit": "India 4"
  },
  {
    "site": "NADIAD-194Q",
    "unit": "India 4"
  },
  {
    "site": "Tewksbury",
    "unit": "USA"
  },
  {
    "site": "SEOUL",
    "unit": "USA"
  },
  {
    "site": "ANAPOLIS",
    "unit": "Brazil"
  },
  {
    "site": "NOVA LIMA",
    "unit": "Brazil"
  },
  {
    "site": "CAJAMAR",
    "unit": "Brazil"
  },
  {
    "site": "GASPAR",
    "unit": "Brazil"
  },
  {
    "site": "CAMACARI",
    "unit": "Brazil"
  },
  {
    "site": "CARIACICA",
    "unit": "Brazil"
  },
  {
    "site": "JAGUARIUNA -83",
    "unit": "Brazil"
  },
  {
    "site": "Baroda-194Q",
    "unit": "India 1"
  },
  {
    "site": "MUMBAI- 194Q",
    "unit": "India 1"
  },
  {
    "site": "GANDHIDHAM(NON)",
    "unit": "India 1"
  },
  {
    "site": "CHARLESTON",
    "unit": "India 1"
  },
  {
    "site": "KAOHSIUNG",
    "unit": "India 1"
  },
  {
    "site": "BHOLAV",
    "unit": "India 2"
  },
  {
    "site": "Daman-194Q",
    "unit": "India 2"
  },
  {
    "site": "SILVASSA-194Q",
    "unit": "India 6"
  },
  {
    "site": "BHUJ",
    "unit": "India 6"
  },
  {
    "site": "Kashipur-194Q",
    "unit": "India 4"
  },
  {
    "site": "Changshu",
    "unit": "India 4"
  },
  {
    "site": "Mumbai 194Q",
    "unit": "India 4"
  },
  {
    "site": "NANTONG",
    "unit": "India 1"
  },
  {
    "site": "Batam",
    "unit": "India 1"
  },
  {
    "site": "Dadra-194Q",
    "unit": "India 1"
  },
  {
    "site": "VALSAD-194Q",
    "unit": "India 2"
  },
  {
    "site": "ANKLESHWAR-194Q",
    "unit": "India 2"
  },
  {
    "site": "Navi Mumbai-194",
    "unit": "India 4"
  },
  {
    "site": "AIROLI-194Q",
    "unit": "India 4"
  },
  {
    "site": "VADODARA-194Q",
    "unit": "Singapore"
  },
  {
    "site": "Cedex",
    "unit": "UAE"
  },
  {
    "site": "MAHLOW",
    "unit": "Brazil"
  },
  {
    "site": "S. C. DO SUL 01",
    "unit": "Brazil"
  },
  {
    "site": "SAO JOSE",
    "unit": "Brazil"
  },
  {
    "site": "RJ",
    "unit": "Brazil"
  },
  {
    "site": "ABERDEEN",
    "unit": "Brazil"
  },
  {
    "site": "Bird Dog Chemic",
    "unit": "USA"
  },
  {
    "site": "VILA VELHA",
    "unit": "Brazil"
  },
  {
    "site": "VALINHOS",
    "unit": "Brazil"
  },
  {
    "site": "SAO JERONIMO",
    "unit": "Brazil"
  },
  {
    "site": "PARQUE AEROPORT",
    "unit": "Brazil"
  },
  {
    "site": "SALTO",
    "unit": "Brazil"
  },
  {
    "site": "SAFFLE",
    "unit": "Brazil"
  },
  {
    "site": "TREMEMBE",
    "unit": "Brazil"
  },
  {
    "site": "Thane-194Q",
    "unit": "India 5"
  },
  {
    "site": "Thane-194Q",
    "unit": "India 1"
  },
  {
    "site": "GANDHINAGA-194Q",
    "unit": "India 6"
  },
  {
    "site": "BHAVNAGAR",
    "unit": "India 6"
  },
  {
    "site": "ZIBO",
    "unit": "India 4"
  },
  {
    "site": "Ujjain-194Q",
    "unit": "India 4"
  },
  {
    "site": "MUNCHEN",
    "unit": "India 4"
  },
  {
    "site": "Jeddah",
    "unit": "India 4"
  },
  {
    "site": "VAPI-194Q",
    "unit": "India 4"
  },
  {
    "site": "Ahmedabad-194Q.",
    "unit": "India 4"
  },
  {
    "site": "HUBEI",
    "unit": "India 4"
  },
  {
    "site": "GHAZIABAD-194Q",
    "unit": "India 1"
  },
  {
    "site": "DADRA-194Q",
    "unit": "India 6"
  },
  {
    "site": "KACHCHH -194Q",
    "unit": "India 6"
  },
  {
    "site": "India 4 -194Q",
    "unit": "India 4"
  },
  {
    "site": "GUJARAT-194Q",
    "unit": "India 4"
  },
  {
    "site": "Lancaster",
    "unit": "USA"
  },
  {
    "site": "Singapore",
    "unit": "Singapore"
  },
  {
    "site": "Alexandria",
    "unit": "UAE"
  },
  {
    "site": "GUJARAT",
    "unit": "Brazil"
  },
  {
    "site": "CAMPO GRANDE",
    "unit": "Brazil"
  },
  {
    "site": "CABO FRIO",
    "unit": "Brazil"
  },
  {
    "site": "ATIBAIA",
    "unit": "Brazil"
  },
  {
    "site": "4700 NW",
    "unit": "Brazil"
  },
  {
    "site": "United Kingdom",
    "unit": "Netherlands"
  },
  {
    "site": "GRAZ",
    "unit": "Brazil"
  },
  {
    "site": "ARACARIGUAMA",
    "unit": "Brazil"
  },
  {
    "site": "XIAODIAN",
    "unit": "Brazil"
  },
  {
    "site": "JIANGHUI",
    "unit": "Brazil"
  },
  {
    "site": "VADODARA-194Q",
    "unit": "India 5"
  },
  {
    "site": "Canada",
    "unit": "India 1"
  },
  {
    "site": "NANJING",
    "unit": "India 1"
  },
  {
    "site": "Dhar-194Q",
    "unit": "India 1"
  },
  {
    "site": "Mumbai new-194Q",
    "unit": "India 1"
  },
  {
    "site": "Ratnagiri-194Q",
    "unit": "India 6"
  },
  {
    "site": "Kutch-194Q",
    "unit": "India 6"
  },
  {
    "site": "Ningbo",
    "unit": "India 4"
  },
  {
    "site": "NINGBO",
    "unit": "India 4"
  },
  {
    "site": "Kakenstorf",
    "unit": "India 4"
  },
  {
    "site": "SHENZHEN",
    "unit": "India 4"
  },
  {
    "site": "YINCHUAN",
    "unit": "India 4"
  },
  {
    "site": "SARIGAM-194Q",
    "unit": "India 4"
  },
  {
    "site": "SHANDONG",
    "unit": "Malaysia"
  },
  {
    "site": "CAMPOS DOS GOYT",
    "unit": "Brazil"
  },
  {
    "site": "VOTORANTIM",
    "unit": "Brazil"
  },
  {
    "site": "KOREA",
    "unit": "Brazil"
  },
  {
    "site": "MATRIZ CAMPINAS",
    "unit": "Brazil"
  },
  {
    "site": "ARUJA",
    "unit": "Brazil"
  },
  {
    "site": "FRANKFURT",
    "unit": "Netherlands"
  },
  {
    "site": "GOA-194Q",
    "unit": "India 5"
  },
  {
    "site": "Kadapa-194Q",
    "unit": "India 5"
  },
  {
    "site": "HYDERABAD-194Q",
    "unit": "India 5"
  },
  {
    "site": "Sikandrabad194Q",
    "unit": "India 1"
  },
  {
    "site": "Pune-194Q",
    "unit": "India 1"
  },
  {
    "site": "Baruch-194Q",
    "unit": "India 4"
  },
  {
    "site": "Bangkok",
    "unit": "India 4"
  },
  {
    "site": "Pune-194Q",
    "unit": "India 4"
  },
  {
    "site": "SINGAPORE-194Q",
    "unit": "India 4"
  },
  {
    "site": "RAMPUR-194Q",
    "unit": "India 4"
  },
  {
    "site": "Ahmedabad",
    "unit": "India 3"
  },
  {
    "site": "Gandhidham-194Q",
    "unit": "India 3"
  },
  {
    "site": "AHMEDABAD-194Q",
    "unit": "India 3"
  },
  {
    "site": "Mumbai-TDS",
    "unit": "India 3"
  },
  {
    "site": "DADRA-194Q",
    "unit": "India 3"
  },
  {
    "site": "ULSAN",
    "unit": "India 3"
  },
  {
    "site": "DADRA",
    "unit": "India 3"
  },
  {
    "site": "Ahmedabad-194Q",
    "unit": "India 3"
  },
  {
    "site": "Andhra-194Q",
    "unit": "India 3"
  },
  {
    "site": "Silvassa.-194Q",
    "unit": "India 3"
  },
  {
    "site": "ANKLESHWAR-194Q",
    "unit": "India 3"
  },
  {
    "site": "NANJING",
    "unit": "India 3"
  },
  {
    "site": "Kutch-194Q",
    "unit": "India 3"
  },
  {
    "site": "MUMBAI",
    "unit": "India 3"
  },
  {
    "site": "AHMEDABAD -194Q",
    "unit": "India 3"
  },
  {
    "site": "Ratnagiri-194Q",
    "unit": "India 3"
  },
  {
    "site": "Mumbai-194Q",
    "unit": "India 3"
  },
  {
    "site": "Bharuch-194Q",
    "unit": "India 3"
  },
  {
    "site": "Daman",
    "unit": "India 3"
  },
  {
    "site": "Ahmedabad-194Q.",
    "unit": "India 3"
  },
  {
    "site": "MUMBAI-194Q",
    "unit": "India 3"
  },
  {
    "site": "SINGAPORE",
    "unit": "India 3"
  },
  {
    "site": "Ankleshwar-194Q",
    "unit": "India 3"
  },
  {
    "site": "Palghar-194Q",
    "unit": "India 3"
  },
  {
    "site": "SHANGHAI",
    "unit": "India 3"
  },
  {
    "site": "Vapi",
    "unit": "India 3"
  },
  {
    "site": "Lote194Q",
    "unit": "India 3"
  },
  {
    "site": "Kashipur-194Q",
    "unit": "India 3"
  },
  {
    "site": "BHARUCH-194Q",
    "unit": "India 3"
  },
  {
    "site": "NaviMumbai-194Q",
    "unit": "India 3"
  },
  {
    "site": "MUNDRA-194Q",
    "unit": "India 3"
  },
  {
    "site": "Vadodara-194Q",
    "unit": "India 3"
  },
  {
    "site": "XINGANG",
    "unit": "India 3"
  },
  {
    "site": "CANGZHOU",
    "unit": "India 3"
  },
  {
    "site": "Mumbai",
    "unit": "India 3"
  },
  {
    "site": "Hyderabad-194Q",
    "unit": "India 3"
  },
  {
    "site": "Mumbai City194Q",
    "unit": "India 3"
  },
  {
    "site": "Silvassa-194Q",
    "unit": "India 3"
  },
  {
    "site": "GERMANY",
    "unit": "India 3"
  },
  {
    "site": "Silvassa-194Q.",
    "unit": "India 3"
  },
  {
    "site": "KUTCH-TDS",
    "unit": "India 3"
  },
  {
    "site": "MUMBAI-TDS",
    "unit": "India 3"
  },
  {
    "site": "YINGKOU",
    "unit": "India 3"
  },
  {
    "site": "Morbi-194Q",
    "unit": "India 3"
  },
  {
    "site": "Surat-194Q",
    "unit": "India 3"
  },
  {
    "site": "BARODA",
    "unit": "India 3"
  },
  {
    "site": "AHMEDABAD.",
    "unit": "India 3"
  },
  {
    "site": "Ahmedabad.",
    "unit": "India 3"
  },
  {
    "site": "Andheri-194Q",
    "unit": "India 3"
  },
  {
    "site": "Mumbai.",
    "unit": "India 3"
  },
  {
    "site": "HEBEI",
    "unit": "India 3"
  },
  {
    "site": "Panvel-194Q",
    "unit": "India 3"
  },
  {
    "site": "Seoul",
    "unit": "India 5"
  },
  {
    "site": "VIKRAMGAD-194Q",
    "unit": "India 1"
  },
  {
    "site": "THANE-194Q",
    "unit": "India 6"
  },
  {
    "site": "GUARULHOS0560",
    "unit": "Brazil"
  },
  {
    "site": "ENCANTADO",
    "unit": "Brazil"
  },
  {
    "site": "GARIBALDI",
    "unit": "Brazil"
  },
  {
    "site": "Taloja-194Q",
    "unit": "India 3"
  },
  {
    "site": "QINGDAO",
    "unit": "India 1"
  },
  {
    "site": "Daman-Diu-194Q",
    "unit": "India 1"
  },
  {
    "site": "Jeddah",
    "unit": "India 1"
  },
  {
    "site": "BHARUC-194Q",
    "unit": "India 2"
  },
  {
    "site": "KANCHEEPUR-194Q",
    "unit": "India 4"
  },
  {
    "site": "SECUNDERABAD",
    "unit": "India 4"
  },
  {
    "site": "HYDERABAD-194Q",
    "unit": "India 4"
  },
  {
    "site": "CONCORDIA",
    "unit": "Brazil"
  },
  {
    "site": "NINGBO",
    "unit": "Brazil"
  },
  {
    "site": "MATRIZ",
    "unit": "Brazil"
  },
  {
    "site": "S\u00c3O PAULO",
    "unit": "Brazil"
  },
  {
    "site": "SANTO ANDRE UF",
    "unit": "Brazil"
  },
  {
    "site": "JOINVILLE 0005-",
    "unit": "Brazil"
  },
  {
    "site": "MACEIO",
    "unit": "Brazil"
  },
  {
    "site": "S\u00c3O JOS\u00c9",
    "unit": "Brazil"
  },
  {
    "site": "GUABIJU",
    "unit": "Brazil"
  },
  {
    "site": "China",
    "unit": "India 5"
  },
  {
    "site": "Dadra -194Q",
    "unit": "India 5"
  },
  {
    "site": "Kandala-194Q",
    "unit": "India 1"
  },
  {
    "site": "Kutch-194Q",
    "unit": "India 1"
  },
  {
    "site": "MUNDRA-194Q",
    "unit": "India 1"
  },
  {
    "site": "GANDHIDHAM-194Q",
    "unit": "India 2"
  },
  {
    "site": "Texas",
    "unit": "India 4"
  },
  {
    "site": "VADODARA",
    "unit": "India 4"
  },
  {
    "site": "Saudi Arabia",
    "unit": "India 3"
  },
  {
    "site": "Germany",
    "unit": "India 1"
  },
  {
    "site": "GANDHINAGAR",
    "unit": "India 4"
  },
  {
    "site": "Navi Mumbai",
    "unit": "India 4"
  },
  {
    "site": "Shanghai",
    "unit": "India 4"
  },
  {
    "site": "Kandala-194Q",
    "unit": "India 4"
  },
  {
    "site": "Bellevue",
    "unit": "USA"
  },
  {
    "site": "SAO JOSE DOS CA",
    "unit": "Brazil"
  },
  {
    "site": "AEROPORTO MACAE",
    "unit": "Brazil"
  },
  {
    "site": "USA",
    "unit": "USA"
  },
  {
    "site": "VADODARA",
    "unit": "Malaysia"
  },
  {
    "site": "SALVADOR",
    "unit": "Brazil"
  },
  {
    "site": "RIO GRANDE DO S",
    "unit": "Brazil"
  },
  {
    "site": "BENTO G 000193",
    "unit": "Brazil"
  },
  {
    "site": "GOUDA",
    "unit": "India 1"
  },
  {
    "site": "BEIJING",
    "unit": "India 4"
  },
  {
    "site": "Mumbai",
    "unit": "India 4"
  },
  {
    "site": "AMD-FO/LDO/SHS",
    "unit": "India 4"
  },
  {
    "site": "QINGDAO",
    "unit": "India 4"
  },
  {
    "site": "GOUDA",
    "unit": "India 4"
  },
  {
    "site": "DUBAI",
    "unit": "India 3"
  },
  {
    "site": "DEHGAM-194Q",
    "unit": "India 3"
  },
  {
    "site": "Bhandara-194Q",
    "unit": "India 3"
  },
  {
    "site": "GANDHIDHA.194Q",
    "unit": "India 1"
  },
  {
    "site": "Pointe Claire",
    "unit": "India 1"
  },
  {
    "site": "KACHCHH-194Q",
    "unit": "India 1"
  },
  {
    "site": "Mumbai-194Q",
    "unit": "India 2"
  },
  {
    "site": "Dadra-194Q",
    "unit": "India 2"
  },
  {
    "site": "Dombivli-194Q",
    "unit": "India 2"
  },
  {
    "site": "BHACHAU",
    "unit": "India 4"
  },
  {
    "site": "ALLENTOWN",
    "unit": "India 4"
  },
  {
    "site": "Indianapolis",
    "unit": "India 4"
  },
  {
    "site": "TAIPEI",
    "unit": "India 4"
  },
  {
    "site": "Vadodara-194Q",
    "unit": "India 4"
  },
  {
    "site": "Pointe Claire",
    "unit": "India 4"
  },
  {
    "site": "Marl",
    "unit": "India 4"
  },
  {
    "site": "LONDON SW1Y 4AD",
    "unit": "India 4"
  },
  {
    "site": "Indianapolis",
    "unit": "UAE"
  },
  {
    "site": "WARMINSTER",
    "unit": "Brazil"
  },
  {
    "site": "Vadodara-194Q",
    "unit": "India 1"
  },
  {
    "site": "India 2-194Q",
    "unit": "India 2"
  },
  {
    "site": "SILVASA-194Q",
    "unit": "India 2"
  },
  {
    "site": "Vadodara-194Q",
    "unit": "India 2"
  },
  {
    "site": "M Suburb -194Q",
    "unit": "India 6"
  },
  {
    "site": "Belgium",
    "unit": "India 4"
  },
  {
    "site": "AHMEDABAD-SKO",
    "unit": "India 4"
  },
  {
    "site": "HUNAN",
    "unit": "India 3"
  },
  {
    "site": "Thane-194Q",
    "unit": "India 3"
  },
  {
    "site": "Vadodara-194Q",
    "unit": "India 5"
  },
  {
    "site": "Fujian",
    "unit": "India 1"
  },
  {
    "site": "PAULINIA",
    "unit": "India 4"
  },
  {
    "site": "ALWAR-194Q",
    "unit": "India 4"
  },
  {
    "site": "CINCINNATI",
    "unit": "USA"
  },
  {
    "site": "Multi-Chem Grou",
    "unit": "USA"
  },
  {
    "site": "Hefei City,",
    "unit": "UAE"
  },
  {
    "site": "WAYZATA",
    "unit": "Brazil"
  },
  {
    "site": "R. PIRES 2",
    "unit": "Brazil"
  },
  {
    "site": "PORTO ALEGRE 2",
    "unit": "Brazil"
  },
  {
    "site": "S. C. DO SUL",
    "unit": "Brazil"
  },
  {
    "site": "MONTEVIDEO",
    "unit": "Brazil"
  },
  {
    "site": "PONTA GROSSA",
    "unit": "Brazil"
  },
  {
    "site": "COLOMBO",
    "unit": "Brazil"
  },
  {
    "site": "FAIRHOPE",
    "unit": "USA"
  },
  {
    "site": "DORDRECHT",
    "unit": "Singapore"
  },
  {
    "site": "Baoji City",
    "unit": "UAE"
  },
  {
    "site": "SANTO ANDRE",
    "unit": "Brazil"
  },
  {
    "site": "ILHOTA",
    "unit": "Brazil"
  },
  {
    "site": "LAJEADO",
    "unit": "Brazil"
  },
  {
    "site": "Palghar -194Q",
    "unit": "India 5"
  },
  {
    "site": "HANGZHOU",
    "unit": "India 5"
  },
  {
    "site": "Ankleshwar-194Q",
    "unit": "India 5"
  },
  {
    "site": "VALSAD-194Q",
    "unit": "India 1"
  },
  {
    "site": "Shanghai",
    "unit": "India 1"
  },
  {
    "site": "Ahmedabad-194Q",
    "unit": "India 1"
  },
  {
    "site": "DAHEJ-194Q",
    "unit": "India 4"
  },
  {
    "site": "Valsad-194Q",
    "unit": "India 4"
  },
  {
    "site": "HOUSTON",
    "unit": "India 4"
  },
  {
    "site": "LONDON",
    "unit": "India 4"
  },
  {
    "site": "DAMMANM",
    "unit": "India 3"
  },
  {
    "site": "SOLAPUR-194Q",
    "unit": "India 3"
  },
  {
    "site": "SHANGHAI",
    "unit": "India 4"
  },
  {
    "site": "Indonesia",
    "unit": "Singapore"
  },
  {
    "site": "JONGNO-GU, SEOU",
    "unit": "Singapore"
  },
  {
    "site": "MONTE MOR",
    "unit": "Brazil"
  },
  {
    "site": "WANGBAI ROAD",
    "unit": "Brazil"
  },
  {
    "site": "VINHEDO",
    "unit": "Brazil"
  },
  {
    "site": "CATANDUVA",
    "unit": "Brazil"
  },
  {
    "site": "Cilegon",
    "unit": "Singapore"
  },
  {
    "site": "MATRIZ SUMARE",
    "unit": "Brazil"
  },
  {
    "site": "VIAMAO",
    "unit": "Brazil"
  },
  {
    "site": "ESTANCIA VELHA2",
    "unit": "Brazil"
  },
  {
    "site": "CACHOEIRA PAULI",
    "unit": "Brazil"
  },
  {
    "site": "Rua Vinte e Oit",
    "unit": "Brazil"
  },
  {
    "site": "RAIGAD-194Q",
    "unit": "India 5"
  },
  {
    "site": "SOLAPUR.-194Q",
    "unit": "India 1"
  },
  {
    "site": "TOKYO",
    "unit": "India 4"
  },
  {
    "site": "SOLAPUR.-194Q",
    "unit": "India 4"
  },
  {
    "site": "BASKA",
    "unit": "India 4"
  },
  {
    "site": "Dahej.",
    "unit": "India 3"
  },
  {
    "site": "Mumbai BKC -194",
    "unit": "India 5"
  },
  {
    "site": "Vadodara-194Q",
    "unit": "India 6"
  },
  {
    "site": "Vapi-194Q",
    "unit": "India 4"
  },
  {
    "site": "NaviMumbai-194Q",
    "unit": "India 4"
  },
  {
    "site": "SWEDEN",
    "unit": "India 4"
  },
  {
    "site": "ROHA-194Q",
    "unit": "India 4"
  },
  {
    "site": "XI'AN",
    "unit": "UAE"
  },
  {
    "site": "AV JOAO BATISTA",
    "unit": "Brazil"
  },
  {
    "site": "R JOAO ARANHA",
    "unit": "Brazil"
  },
  {
    "site": "CALGARY",
    "unit": "Brazil"
  },
  {
    "site": "SWITZERLAND",
    "unit": "UAE"
  },
  {
    "site": "ITIRAPINA",
    "unit": "Brazil"
  },
  {
    "site": "Rua dos Andrada",
    "unit": "Brazil"
  },
  {
    "site": "AV MARGINAL DOI",
    "unit": "Brazil"
  },
  {
    "site": "12 & 14, G.D.I.",
    "unit": "Brazil"
  },
  {
    "site": "JACAREI",
    "unit": "Brazil"
  },
  {
    "site": "Ahmedabad-194Q",
    "unit": "India 5"
  },
  {
    "site": "SILVASA-194Q",
    "unit": "India 5"
  },
  {
    "site": "ALBANY",
    "unit": "India 1"
  },
  {
    "site": "BANGKOK",
    "unit": "India 1"
  },
  {
    "site": "Songkiang",
    "unit": "India 4"
  },
  {
    "site": "Dadra-194Q",
    "unit": "India 4"
  },
  {
    "site": "Bangkok",
    "unit": "India 3"
  },
  {
    "site": "China",
    "unit": "India 3"
  },
  {
    "site": "Ahmedabad-TDS",
    "unit": "India 3"
  },
  {
    "site": "SILVA396 2-194Q",
    "unit": "India 3"
  },
  {
    "site": "Aurangabad-194Q",
    "unit": "India 2"
  },
  {
    "site": "LIANYUNGANG, JI",
    "unit": "India 4"
  },
  {
    "site": "CHINA",
    "unit": "USA"
  },
  {
    "site": "SAO CRISTOVAO",
    "unit": "Brazil"
  },
  {
    "site": "AVENIDA NOVA CU",
    "unit": "Brazil"
  },
  {
    "site": "AV CAETANO RUGG",
    "unit": "Brazil"
  },
  {
    "site": "QUEIMADOS",
    "unit": "Brazil"
  },
  {
    "site": "AV JOAO BALDIN",
    "unit": "Brazil"
  },
  {
    "site": "ROD BR-116",
    "unit": "Brazil"
  },
  {
    "site": "AV F BIBIANO TR",
    "unit": "Brazil"
  },
  {
    "site": "MUMBAI",
    "unit": "India 5"
  },
  {
    "site": "Mysore-194Q",
    "unit": "India 5"
  },
  {
    "site": "Mehsana-194Q",
    "unit": "India 5"
  },
  {
    "site": "Gujarat-194Q",
    "unit": "India 5"
  },
  {
    "site": "France",
    "unit": "India 1"
  },
  {
    "site": "Mumbai 194Q",
    "unit": "India 2"
  },
  {
    "site": "Gujarat-194Q",
    "unit": "India 6"
  },
  {
    "site": "FRANCE",
    "unit": "India 4"
  },
  {
    "site": "SHANGHIA",
    "unit": "India 4"
  },
  {
    "site": "Gandhinaga-194Q",
    "unit": "India 3"
  },
  {
    "site": "Nanjing",
    "unit": "India 4"
  },
  {
    "site": "MUMBAI",
    "unit": "Malaysia"
  },
  {
    "site": "BEIJING",
    "unit": "Brazil"
  },
  {
    "site": "COTIA2",
    "unit": "Brazil"
  },
  {
    "site": "R PONTA PORA",
    "unit": "Brazil"
  },
  {
    "site": "RIO GRANDE",
    "unit": "Brazil"
  },
  {
    "site": "BELGIUM",
    "unit": "Netherlands"
  },
  {
    "site": "Changzhou",
    "unit": "UAE"
  },
  {
    "site": "CANELA",
    "unit": "Brazil"
  },
  {
    "site": "Bharuch-194Q",
    "unit": "India 5"
  },
  {
    "site": "BARUCH-194Q",
    "unit": "India 5"
  },
  {
    "site": "VILLEPARLE-194Q",
    "unit": "India 4"
  },
  {
    "site": "NAVSARI-194Q",
    "unit": "India 4"
  },
  {
    "site": "Anantapur-194Q",
    "unit": "India 4"
  },
  {
    "site": "DAMMAM",
    "unit": "India 3"
  },
  {
    "site": "Clean Science &",
    "unit": "USA"
  },
  {
    "site": "Malaysia",
    "unit": "Malaysia"
  },
  {
    "site": "India",
    "unit": "UAE"
  },
  {
    "site": "SP",
    "unit": "Brazil"
  },
  {
    "site": "LONDRINA",
    "unit": "Brazil"
  },
  {
    "site": "Vapi-194Q",
    "unit": "Netherlands"
  },
  {
    "site": "Surat-194Q",
    "unit": "India 1"
  },
  {
    "site": "Mumbai.-194Q",
    "unit": "India 2"
  },
  {
    "site": "Surat-194Q",
    "unit": "India 2"
  },
  {
    "site": "Amroha-194Q",
    "unit": "India 4"
  },
  {
    "site": "SEOUL",
    "unit": "India 4"
  },
  {
    "site": "VADODARA",
    "unit": "Singapore"
  },
  {
    "site": "SANTA RITA DO S",
    "unit": "Brazil"
  },
  {
    "site": "CARIACICA 1",
    "unit": "Brazil"
  },
  {
    "site": "BOM JESUS DOS P",
    "unit": "Brazil"
  },
  {
    "site": "RIO CLARO",
    "unit": "Brazil"
  },
  {
    "site": "SAO JOSE DO RIO",
    "unit": "Brazil"
  },
  {
    "site": "VILA FLORES",
    "unit": "Brazil"
  },
  {
    "site": "VILLEPARLE-194Q",
    "unit": "India 1"
  },
  {
    "site": "SILVASSA2-194Q",
    "unit": "India 1"
  },
  {
    "site": "BELGAM-194Q",
    "unit": "India 6"
  },
  {
    "site": "Mumbai.",
    "unit": "India 4"
  },
  {
    "site": "Pune-194Q",
    "unit": "India 5"
  },
  {
    "site": "Boisar-194Q",
    "unit": "India 2"
  },
  {
    "site": "Ahmedabad-194Q",
    "unit": "India 2"
  },
  {
    "site": "Gurgaon-194Q",
    "unit": "India 2"
  },
  {
    "site": "BARODA",
    "unit": "India 6"
  },
  {
    "site": "KOREA",
    "unit": "India 4"
  },
  {
    "site": "Gandhinagr-194Q",
    "unit": "India 4"
  },
  {
    "site": "SC",
    "unit": "Brazil"
  },
  {
    "site": "JARDIM ALPINO",
    "unit": "Brazil"
  },
  {
    "site": "CHINA.",
    "unit": "UAE"
  },
  {
    "site": "Itapevi",
    "unit": "Brazil"
  },
  {
    "site": "Itatiba",
    "unit": "Brazil"
  },
  {
    "site": "YINCHUAN",
    "unit": "India 1"
  },
  {
    "site": "MumbaiCity-194Q",
    "unit": "India 2"
  },
  {
    "site": "Taixing City",
    "unit": "India 4"
  },
  {
    "site": "Fujian",
    "unit": "India 4"
  },
  {
    "site": "VADODARA-194Q",
    "unit": "India 1"
  },
  {
    "site": "MUMBAI-LDO-194Q",
    "unit": "India 1"
  },
  {
    "site": "Seoul",
    "unit": "India 1"
  },
  {
    "site": "BARODA-194Q",
    "unit": "India 2"
  },
  {
    "site": "VAGHODIA-194Q",
    "unit": "India 2"
  },
  {
    "site": "Sonipat - 194Q",
    "unit": "India 4"
  },
  {
    "site": "VIKRAMGAD-194Q",
    "unit": "India 4"
  },
  {
    "site": "Dubai",
    "unit": "India 4"
  },
  {
    "site": "DEL CASTILHO",
    "unit": "Brazil"
  },
  {
    "site": "ZHENGZHOU",
    "unit": "Brazil"
  },
  {
    "site": "COSTA DO SOL",
    "unit": "Brazil"
  },
  {
    "site": "RUA CORONEL SOU",
    "unit": "Brazil"
  },
  {
    "site": "VILA PERETA",
    "unit": "Brazil"
  },
  {
    "site": "R BRASILIA",
    "unit": "Brazil"
  },
  {
    "site": "AV REBOUCAS",
    "unit": "Brazil"
  },
  {
    "site": "AV MARCELINO RA",
    "unit": "Brazil"
  },
  {
    "site": "R SANTOS DUMONT",
    "unit": "Brazil"
  },
  {
    "site": "PRESIDENTE FRAN",
    "unit": "Brazil"
  },
  {
    "site": "R CARDEAL (P LA",
    "unit": "Brazil"
  },
  {
    "site": "SANTA CRUZ DO S",
    "unit": "Brazil"
  },
  {
    "site": "VARZEA PAULISTA",
    "unit": "Brazil"
  },
  {
    "site": "R CARLOS AFONSO",
    "unit": "Brazil"
  },
  {
    "site": "EDIF TORRE B SA",
    "unit": "Brazil"
  },
  {
    "site": "DOMBIVALI-194Q",
    "unit": "India 1"
  },
  {
    "site": "Maharshtra-194Q",
    "unit": "India 3"
  },
  {
    "site": "SUQIAN CITY",
    "unit": "India 1"
  },
  {
    "site": "TAIPEI",
    "unit": "India 6"
  },
  {
    "site": "CANOAS II",
    "unit": "Brazil"
  },
  {
    "site": "R MARIA CARLOTA",
    "unit": "Brazil"
  },
  {
    "site": "CENTRO",
    "unit": "Brazil"
  },
  {
    "site": "CORDEIROPOLIS",
    "unit": "Brazil"
  },
  {
    "site": "NETHERLANDS",
    "unit": "Netherlands"
  },
  {
    "site": "JANDIRA",
    "unit": "Brazil"
  },
  {
    "site": "R DONA FIRMINA/",
    "unit": "Brazil"
  },
  {
    "site": "S\u00e3o Paulo",
    "unit": "Brazil"
  },
  {
    "site": "Gandhidham-194Q",
    "unit": "India 2"
  },
  {
    "site": "Vapi-194Q",
    "unit": "India 2"
  },
  {
    "site": "Laohekou City",
    "unit": "India 4"
  },
  {
    "site": "Bharuch.-194Q",
    "unit": "India 4"
  },
  {
    "site": "United States",
    "unit": "India 4"
  },
  {
    "site": "ANHUI PROVINCE",
    "unit": "India 1"
  },
  {
    "site": "ANHUI PROVINCE",
    "unit": "India 4"
  },
  {
    "site": "KHOPOLI-194Q",
    "unit": "India 4"
  },
  {
    "site": "SWITZERLAND.",
    "unit": "UAE"
  },
  {
    "site": "R ARTHUR BERNAR",
    "unit": "Brazil"
  },
  {
    "site": "GRAVATA\u00cd",
    "unit": "Brazil"
  },
  {
    "site": "PORTO ALEGRE UF",
    "unit": "Brazil"
  },
  {
    "site": "ESTRELA",
    "unit": "Brazil"
  },
  {
    "site": "ROD CURITIBA PA",
    "unit": "Brazil"
  },
  {
    "site": "SAO J DOS PINHA",
    "unit": "Brazil"
  },
  {
    "site": "BELA VISTA",
    "unit": "Brazil"
  },
  {
    "site": "Kraton Chemical",
    "unit": "USA"
  },
  {
    "site": "COSMOPOLIS/SP",
    "unit": "Brazil"
  },
  {
    "site": "BHOLAV-194Q",
    "unit": "India 2"
  },
  {
    "site": "Daman and Diu",
    "unit": "India 2"
  },
  {
    "site": "Talod-194Q",
    "unit": "India 6"
  },
  {
    "site": "MumbaiCity-194Q",
    "unit": "India 4"
  },
  {
    "site": "Maverick Logist",
    "unit": "USA"
  },
  {
    "site": "R JOSE BONIFACI",
    "unit": "Brazil"
  },
  {
    "site": "SANTA BARBARA D",
    "unit": "Brazil"
  },
  {
    "site": "AV PROFESSOR BE",
    "unit": "Brazil"
  },
  {
    "site": "MumbaiSub-194Q",
    "unit": "India 3"
  },
  {
    "site": "Sonipat-194Q",
    "unit": "India 3"
  },
  {
    "site": "Gujarat-194Q",
    "unit": "India 1"
  },
  {
    "site": "Raigad-194Q",
    "unit": "India 6"
  },
  {
    "site": "HYDERABAD-194Q",
    "unit": "India 6"
  },
  {
    "site": "Dahej-194Q",
    "unit": "India 4"
  },
  {
    "site": "Bhavnagar-194Q",
    "unit": "India 3"
  },
  {
    "site": "KOCHI-194Q",
    "unit": "India 1"
  },
  {
    "site": "PAT Products, I",
    "unit": "USA"
  },
  {
    "site": "VISCONDE DE ARA",
    "unit": "Brazil"
  },
  {
    "site": "AL ITAHIM - VAL",
    "unit": "Brazil"
  },
  {
    "site": "R TUCUMA - SP",
    "unit": "Brazil"
  },
  {
    "site": "AV ASSIS BRASIL",
    "unit": "Brazil"
  },
  {
    "site": "PRESIDENTE PRUD",
    "unit": "Brazil"
  },
  {
    "site": "FARROUPILHA",
    "unit": "Brazil"
  },
  {
    "site": "BALSA NOVA",
    "unit": "Brazil"
  },
  {
    "site": "IVOTI - RS",
    "unit": "Brazil"
  },
  {
    "site": "RIBEIRAO PRETO",
    "unit": "Brazil"
  },
  {
    "site": "ANDHERI-194Q",
    "unit": "India 5"
  },
  {
    "site": "MURBAD-194Q",
    "unit": "India 5"
  },
  {
    "site": "RAIGAD-194Q",
    "unit": "India 4"
  },
  {
    "site": "Raigad-FTWZ",
    "unit": "India 4"
  },
  {
    "site": "DAHEJ",
    "unit": "Singapore"
  },
  {
    "site": "Ankleshwar-194Q",
    "unit": "Malaysia"
  },
  {
    "site": "BAURU",
    "unit": "Brazil"
  },
  {
    "site": "COURBEVOIE",
    "unit": "Brazil"
  },
  {
    "site": "GET\u00daLIO VARGAS",
    "unit": "Brazil"
  },
  {
    "site": "R SARANDI (RES",
    "unit": "Brazil"
  },
  {
    "site": "SAO JOSE 0005-9",
    "unit": "Brazil"
  },
  {
    "site": "Ankleshwar-194Q",
    "unit": "India 1"
  },
  {
    "site": "ZHANGJIAGANG",
    "unit": "India 1"
  },
  {
    "site": "BharuchN-194Q",
    "unit": "India 2"
  },
  {
    "site": "JUNAGADH -194Q",
    "unit": "India 4"
  },
  {
    "site": "BharuchN-194Q",
    "unit": "India 4"
  },
  {
    "site": "Ankleshwar-194Q",
    "unit": "India 4"
  },
  {
    "site": "Frankfurt",
    "unit": "India 4"
  },
  {
    "site": "TALOJA",
    "unit": "India 4"
  },
  {
    "site": "Forth Worth",
    "unit": "USA"
  },
  {
    "site": "BEIJING",
    "unit": "Singapore"
  },
  {
    "site": "R FERNAO POMPEU",
    "unit": "Brazil"
  },
  {
    "site": "R ANTONIO JOAO",
    "unit": "Brazil"
  },
  {
    "site": "R JOSE FELIX RJ",
    "unit": "Brazil"
  },
  {
    "site": "WEST GRIFFIN",
    "unit": "Brazil"
  },
  {
    "site": "R MANOEL MILAGR",
    "unit": "Brazil"
  },
  {
    "site": "ESTM MINEKO ITO",
    "unit": "Brazil"
  },
  {
    "site": "CACAPAVA",
    "unit": "Brazil"
  },
  {
    "site": "NEW DELHI-194Q",
    "unit": "India 5"
  },
  {
    "site": "Dhule-194Q",
    "unit": "India 5"
  },
  {
    "site": "Maharshtra-194Q",
    "unit": "India 1"
  },
  {
    "site": "VASHI",
    "unit": "India 1"
  },
  {
    "site": "VADODARA-194Q",
    "unit": "India 2"
  },
  {
    "site": "NAVIMUMBAI-194Q",
    "unit": "India 6"
  },
  {
    "site": "Palghar -194Q",
    "unit": "India 4"
  },
  {
    "site": "Dewas-194Q",
    "unit": "India 2"
  },
  {
    "site": "R OS 18 DO FORT",
    "unit": "Brazil"
  },
  {
    "site": "IBIPORA",
    "unit": "Brazil"
  },
  {
    "site": "Ahmedabad",
    "unit": "UAE"
  },
  {
    "site": "ROD RODOVIA DEP",
    "unit": "Brazil"
  },
  {
    "site": "R DA ASSOCIACAO",
    "unit": "Brazil"
  },
  {
    "site": "R TAMANDARE RS",
    "unit": "Brazil"
  },
  {
    "site": "AV PRES JUSCELI",
    "unit": "Brazil"
  },
  {
    "site": "YIYANG",
    "unit": "Brazil"
  },
  {
    "site": "R VERGUEIRO SP",
    "unit": "Brazil"
  },
  {
    "site": "TARAPUR-194Q-19",
    "unit": "India 5"
  },
  {
    "site": "Nantong",
    "unit": "India 1"
  },
  {
    "site": "MUMBAI.",
    "unit": "India 2"
  },
  {
    "site": "MUMBAI.-194Q",
    "unit": "India 6"
  },
  {
    "site": "AV DOUTOR ALEXA",
    "unit": "Brazil"
  },
  {
    "site": "R DONA BRIGIDA",
    "unit": "Brazil"
  },
  {
    "site": "R JOHN SPEERS S",
    "unit": "Brazil"
  },
  {
    "site": "ESTM TEODOR CON",
    "unit": "Brazil"
  },
  {
    "site": "ITAPECERICA DA",
    "unit": "Brazil"
  },
  {
    "site": "AV DONA JANE CO",
    "unit": "Brazil"
  },
  {
    "site": "NAVEGANTES",
    "unit": "Brazil"
  },
  {
    "site": "RUA TENENTE PEN",
    "unit": "Brazil"
  },
  {
    "site": "R MANOEL MOREIR",
    "unit": "Brazil"
  },
  {
    "site": "Container Techn",
    "unit": "USA"
  },
  {
    "site": "Chicago",
    "unit": "UAE"
  },
  {
    "site": "Aberdeen",
    "unit": "UAE"
  },
  {
    "site": "R ALVARENGA PEI",
    "unit": "Brazil"
  },
  {
    "site": "GARUVA",
    "unit": "Brazil"
  },
  {
    "site": "AV DEPUTADO JAM",
    "unit": "Brazil"
  },
  {
    "site": "MINHANG",
    "unit": "Brazil"
  },
  {
    "site": "VALPARAIZO",
    "unit": "Brazil"
  },
  {
    "site": "R PIO XII/ PR",
    "unit": "Brazil"
  },
  {
    "site": "RODOVIA ANTONIO",
    "unit": "Brazil"
  },
  {
    "site": "Ghaziabad-194Q",
    "unit": "India 1"
  },
  {
    "site": "CHANGZHOU",
    "unit": "India 4"
  },
  {
    "site": "R SANTIAGO FERR",
    "unit": "Brazil"
  },
  {
    "site": "AV DOS BANDEIRA",
    "unit": "Brazil"
  },
  {
    "site": "R ERASMO BRAGA",
    "unit": "Brazil"
  },
  {
    "site": "R LUIS FERREIRA",
    "unit": "Brazil"
  },
  {
    "site": "R BARAO DE BAGE",
    "unit": "Brazil"
  },
  {
    "site": "R DOUTOR PEDRO",
    "unit": "Brazil"
  },
  {
    "site": "Barcelona",
    "unit": "Netherlands"
  },
  {
    "site": "M Suburb -194Q",
    "unit": "India 1"
  },
  {
    "site": "Valsad-194Q",
    "unit": "India 2"
  },
  {
    "site": "China",
    "unit": "India 2"
  },
  {
    "site": "THANE-194Q",
    "unit": "India 4"
  }
]